url,title,emails,phones,contact_url
https://www.jackdrew.pl/,Jack Drew | Producent palet drewnianych EPAL na zamówienie,jackdrew@wp.pl,+48 606 340 842 +48 602 308 603 005451760,https://www.jackdrew.pl/kontakt/
https://www.paletymartex.pl/,Producent palet drewnianych EPAL EUR - Martex,biuro@paletymartex.pl,+48 667 483 722 +48 507 430 589 +48 797 585 939 773233907 +48 661 157 093 507 430 589 667-483-722 100769890,https://www.paletymartex.pl/kontakt
https://www.jswpalety.pl/producent-palet/,Producent palet - JSW opakowania drewniane,biuro@jswpalety.pl marlena.rosiak@jswpalety.pl,369045850 669 802 702 609 079 083 796 902 702 657293476 609 212 902 000071099,https://www.jswpalety.pl/kontakt/
https://scandpol.com/,Producent palet drewnianych oraz europalet - SCANDPOL,sms@palety-sms.com.pl katarzyna@palety-sms.com.pl ania@palety-sms.com.pl lukasz@palety-sms.com.pl martynaw@palety-sms.com.pl wioleta@palety-sms.com.pl,537 848 473 502 521 382,https://scandpol.com/kontakt/
https://borex.pl/,Borex | Producent palet drewnianych,,,
https://www.jcg-palety.pl/,"JCG Palety - Producent palet drewnianych, wózki widłowe",zbigniew.bizon@jcg-palety.pl biuro@jcg-palety.pl wiktor.bizon@jcg-palety.pl forklifts@jcg-palety.pl,140594815 +48 694 113 143 +48 576 078 797 +48 698 629 891 +48 531 337 737 +48 508 790 437 521339298 000288651 000028865,https://www.jcg-palety.pl/kontakt
https://www.suwaj.pl/,"Producent palet EPAL EURO, drewnianych, przemysłowych, palety EPAL, palety EURO - Suwaj Drewpol",biuro@suwaj.pl,000133405 552153481 000100847 356474819,https://www.suwaj.pl/kontakt
https://europalety24.pl/palety-strykow/,Palety Stryków - produkcja i dostawa Europalety 24,biuro@europalety24.pl,728229920 473217629 +48 501 262 506,https://europalety24.pl/kontakt/
https://www.zpeuic.pl/katalog-firm/paldrex-ryszard-gorecki/,PALDREX Ryszard Górecki | Katalog firm ZPEUIC,biuro@zpeuic.pl paldrex@vp.pl,+48 531 255 992 622127967 250751250 +48 693 734 433,https://www.zpeuic.pl/kontakt/
https://www.cmc.net.pl/,CMC - Licencjonowany producent palet drewnianych,sekretariat.olecko@cmc.net.pl marynin@cmc.net.pl tartakcmc@cmc.net.pl export@cmc.net.pl kety@cmc.net.pl niewiadow@cmc.net.pl tartak.oleszyce@cmc.net.pl biuro@cmc.net.pl sprzedaz@cmc.net.pl oficina@cmcespana.com,+48 783 945172 +48 785 055 508 +48 502 427 897 610 774 745 +48 601 819 121 +48 785 556 657 +48 785 056 205,https://www.cmc.net.pl/kontakt
https://saspalety.pl/,Producent palet drewnianych i wsporników - SAS GROUP,d.bogoniowski@saspallets.com m.czernik@saspallets.com offer@saspallets.com k.rylko@saspallets.com info@saspallets.com z.kunicki@saspalety.pl praca@saspallets.com,+48 509 811 142 +48 512 052 419 937271257 380332058 000073373 500 527 113,https://saspalety.pl/kontakt
https://panoramafirm.pl/producenci_palet,Producenci palet - lista firm w całej Polsce | Panorama Firm,kontakt@wenet.pl,,mailto:kontakt@wenet.pl
https://drewpal.pl/,Producent palet drewnianych i metalowych - Drewpal.pl,drewpal@drewpal.pl tartakzb@o2.pl,,https://drewpal.pl/kontakt/
https://hgv.com.pl/,"Produkcja i sprzedaż palet drewnianych, skup europalet, suszenie i regeneracja - Śląsk, Polska, UE - HGV",biuro@hgv.com.pl,,https://hgv.com.pl/aktualnosci/kontakt-skrzyniopalet-z-zywnoscia
https://www.zpdlipa.com/katalog/palety-drewniane,Produkcja palet drewnianych – palety drewniane producent,,+48 607 263 065 +48 607 263 150,https://www.zpdlipa.com/kontakt
https://polskiproducent.pl/palety-drewniane-113,Palety drewniane - polscy producenci palet drewnianych,,,https://polskiproducent.pl/kontakt
https://zamow-palety.pl/,Zamów Palety – Twój producent palet drewnianych,biuro@zamow-palety.pl,662-037-480 662 037 480,https://zamow-palety.pl/kontakt/
https://palety-paldrex.pl/,Strona Główna - PALDREX Produkcja palet drewnianych EURO,paldrex@vp.pl,+48 693 734 433,https://palety-paldrex.pl/#Kontakt
https://paldrew.eu/,"Pal-Drew - Produkcja i naprawa palet drewnianych, sprzedaż palet drewnianych",palety@paldrew.eu,+48 605 132 200 601 202 321 +48 601 202 321,https://paldrew.eu/kontakt/
https://paletympm.pl/,Palety MPM - Producent palet drewnianych i europalet,oferta@paletympm.pl faktury@paletympm.pl biuro@paletympm.pl zakupy@paletympm.pl,+48 609 611 104 +48 601 744 298 991051680 +48 535 217 249 369304085,https://paletympm.pl/kontakt/
https://sklep.brandbox.com.pl/produkt/04-palety/palety-drewniane/paleta-techniczna-nowa-1200x800-na-wsporniku-wiorowym-i-gatunek-deski/,Paleta techniczna 1200x800mm na wsporniku wiórowym,sklep@brandbox.com.pl biuro@brandbox.com.pl,+48 881 515 616,https://sklep.brandbox.com.pl/kontakt/
https://palety-krecik.pl/,Palety Krecik | Produkcja palet drewnianych,,,
http://polsad.info/,Sprzedaż i produkcja palet i europalet EURO - producent palet drewnianych | Polsad Mazowieckie.,,506047350 506047348 123010861,http://polsad.info/kontakt
https://tartakgalka.pl/,"Producent Tartak Gałka - palety drewniane, deska paletowa, tarcica, kantówka.",t.tomczyk@tartakgalka.pl biuro@tartakgalka.pl kamil.galka@tartakgalka.pl t.wala@tartakgalka.pl sekretariat@tartakgalka.pl kadry@tartakgalka.pl,+48 881 976 501 +48 881 976 502 +48 881 976 507 +48 881 976 505 +48 600 569 178 +48 881 976 570 +48 600 917 063 +48 662 147 539,https://tartakgalka.pl/kontakt
https://palety-aldar.pl/,Palety Aldar | Producent Palet Drewnianych,,,
